{
    "Apps": [
        {
            "id" : 0,
            "Name" : "Message Bridge",
            "FileName" : "MessageBridge.py",
            "CWD" : "../MessageBridge/",
             "Service": 1,
             "Autostart": 1,
             "InitScript": "messagebridge",
            "Args" : "",
             "Description" : "WirelessThings Message Bridge\r\r"
        },
         {
             "id" : 1,
             "Name" : "Configuration Wizard",
             "FileName" : "ConfigurationWizard.py",
             "CWD" : "../ConfigurationWizard/",
             "Service": 0,
             "Args" : "",
             "Description" : "WirelessThings Device Configuration Wizard\r\r"
             }

    ],
    "Advanced": [
        {
            "id" : 0,
            "Name" : "Update from Zip File",
            "Description" : "Update using a downloaded zip file"
        }
    ]
}
